participant_id,theme_id,scenario_id,axis,modifier_text,mapped_modifier,method,score
P_F1_19156,SC001,SC001_2,self_preservation,,MOD_SC001_2_01,scenario_axis,1.0
P_F1_19156,SC002,SC002_2,resource_scarcity,,MOD_SC002_2_02,scenario_axis,1.0
P_F1_19156,SC003,SC003_2,social_visibility,,MOD_SC003_2_03,scenario_axis,1.0
P_F1_19156,SC004,SC004_2,in_out_group,,MOD_SC004_2_04,scenario_axis,1.0
P_F1_19156,SC005,SC005_2,time_pressure,,MOD_SC005_2_05,scenario_axis,1.0
P_F1_97641,SC001,SC001_2,self_preservation,,MOD_SC001_2_01,scenario_axis,1.0
P_F1_97641,SC002,SC002_2,resource_scarcity,,MOD_SC002_2_02,scenario_axis,1.0
P_F1_97641,SC003,SC003_2,social_visibility,,MOD_SC003_2_03,scenario_axis,1.0
P_F1_97641,SC004,SC004_2,in_out_group,,MOD_SC004_2_04,scenario_axis,1.0
P_F1_97641,SC005,SC005_2,time_pressure,,MOD_SC005_2_05,scenario_axis,1.0
P_F1_23393,SC001,SC001_2,self_preservation,,MOD_SC001_2_01,scenario_axis,1.0
P_F1_23393,SC002,SC002_2,resource_scarcity,,MOD_SC002_2_02,scenario_axis,1.0
P_F1_23393,SC003,SC003_2,social_visibility,,MOD_SC003_2_03,scenario_axis,1.0
P_F1_23393,SC004,SC004_2,in_out_group,,MOD_SC004_2_04,scenario_axis,1.0
P_F1_23393,SC005,SC005_2,time_pressure,,MOD_SC005_2_05,scenario_axis,1.0
P_F1_32282,SC001,SC001_2,self_preservation,,MOD_SC001_2_01,scenario_axis,1.0
P_F1_32282,SC002,SC002_2,resource_scarcity,,MOD_SC002_2_02,scenario_axis,1.0
P_F1_32282,SC003,SC003_2,social_visibility,,MOD_SC003_2_03,scenario_axis,1.0
P_F1_32282,SC004,SC004_2,in_out_group,,MOD_SC004_2_04,scenario_axis,1.0
P_F1_32282,SC005,SC005_2,time_pressure,,MOD_SC005_2_05,scenario_axis,1.0
P_F1_79898,SC001,SC001_2,self_preservation,,MOD_SC001_2_01,scenario_axis,1.0
P_F1_79898,SC002,SC002_2,resource_scarcity,,MOD_SC002_2_02,scenario_axis,1.0
P_F1_79898,SC003,SC003_2,social_visibility,,MOD_SC003_2_03,scenario_axis,1.0
P_F1_79898,SC004,SC004_2,in_out_group,,MOD_SC004_2_04,scenario_axis,1.0
P_F1_79898,SC005,SC005_2,time_pressure,,MOD_SC005_2_05,scenario_axis,1.0
P_F1_34031,SC001,SC001_2,self_preservation,,MOD_SC001_2_01,scenario_axis,1.0
P_F1_34031,SC002,SC002_2,resource_scarcity,,MOD_SC002_2_02,scenario_axis,1.0
P_F1_34031,SC003,SC003_2,social_visibility,,MOD_SC003_2_03,scenario_axis,1.0
P_F1_34031,SC004,SC004_2,in_out_group,,MOD_SC004_2_04,scenario_axis,1.0
P_F1_34031,SC005,SC005_2,time_pressure,,MOD_SC005_2_05,scenario_axis,1.0
P_F1_14515,SC001,SC001_2,self_preservation,,MOD_SC001_2_01,scenario_axis,1.0
P_F1_14515,SC002,SC002_2,resource_scarcity,,MOD_SC002_2_02,scenario_axis,1.0
P_F1_14515,SC003,SC003_2,social_visibility,,MOD_SC003_2_03,scenario_axis,1.0
P_F1_14515,SC004,SC004_2,in_out_group,,MOD_SC004_2_04,scenario_axis,1.0
P_F1_14515,SC005,SC005_2,time_pressure,,MOD_SC005_2_05,scenario_axis,1.0
P_F1_99613,SC001,SC001_2,self_preservation,,MOD_SC001_2_01,scenario_axis,1.0
P_F1_99613,SC002,SC002_2,resource_scarcity,,MOD_SC002_2_02,scenario_axis,1.0
P_F1_99613,SC003,SC003_2,social_visibility,,MOD_SC003_2_03,scenario_axis,1.0
P_F1_99613,SC004,SC004_2,in_out_group,,MOD_SC004_2_04,scenario_axis,1.0
P_F1_99613,SC005,SC005_2,time_pressure,,MOD_SC005_2_05,scenario_axis,1.0
P_F1_57278,SC001,SC001_2,self_preservation,,MOD_SC001_2_01,scenario_axis,1.0
P_F1_57278,SC002,SC002_2,resource_scarcity,,MOD_SC002_2_02,scenario_axis,1.0
P_F1_57278,SC003,SC003_2,social_visibility,,MOD_SC003_2_03,scenario_axis,1.0
P_F1_57278,SC004,SC004_2,in_out_group,,MOD_SC004_2_04,scenario_axis,1.0
P_F1_57278,SC005,SC005_2,time_pressure,,MOD_SC005_2_05,scenario_axis,1.0
P_F1_26498,SC001,SC001_2,self_preservation,,MOD_SC001_2_01,scenario_axis,1.0
P_F1_26498,SC002,SC002_2,resource_scarcity,,MOD_SC002_2_02,scenario_axis,1.0
P_F1_26498,SC003,SC003_2,social_visibility,,MOD_SC003_2_03,scenario_axis,1.0
P_F1_26498,SC004,SC004_2,in_out_group,,MOD_SC004_2_04,scenario_axis,1.0
P_F1_26498,SC005,SC005_2,time_pressure,,MOD_SC005_2_05,scenario_axis,1.0
P_F1_17249,SC001,SC001_2,self_preservation,,MOD_SC001_2_01,scenario_axis,1.0
P_F1_17249,SC002,SC002_2,resource_scarcity,,MOD_SC002_2_02,scenario_axis,1.0
P_F1_17249,SC003,SC003_2,social_visibility,,MOD_SC003_2_03,scenario_axis,1.0
P_F1_17249,SC004,SC004_2,in_out_group,,MOD_SC004_2_04,scenario_axis,1.0
P_F1_17249,SC005,SC005_2,time_pressure,,MOD_SC005_2_05,scenario_axis,1.0
P_F1_58852,SC001,SC001_2,self_preservation,,MOD_SC001_2_01,scenario_axis,1.0
P_F1_58852,SC002,SC002_2,resource_scarcity,,MOD_SC002_2_02,scenario_axis,1.0
P_F1_58852,SC003,SC003_2,social_visibility,,MOD_SC003_2_03,scenario_axis,1.0
P_F1_58852,SC004,SC004_2,in_out_group,,MOD_SC004_2_04,scenario_axis,1.0
P_F1_58852,SC005,SC005_2,time_pressure,,MOD_SC005_2_05,scenario_axis,1.0
P_F1_27423,SC001,SC001_2,self_preservation,,MOD_SC001_2_01,scenario_axis,1.0
P_F1_27423,SC002,SC002_2,resource_scarcity,,MOD_SC002_2_02,scenario_axis,1.0
P_F1_27423,SC003,SC003_2,social_visibility,,MOD_SC003_2_03,scenario_axis,1.0
P_F1_27423,SC004,SC004_2,in_out_group,,MOD_SC004_2_04,scenario_axis,1.0
P_F1_27423,SC005,SC005_2,time_pressure,,MOD_SC005_2_05,scenario_axis,1.0
P_F1_21947,SC001,SC001_2,self_preservation,,MOD_SC001_2_01,scenario_axis,1.0
P_F1_21947,SC002,SC002_2,resource_scarcity,,MOD_SC002_2_02,scenario_axis,1.0
P_F1_21947,SC003,SC003_2,social_visibility,,MOD_SC003_2_03,scenario_axis,1.0
P_F1_21947,SC004,SC004_2,in_out_group,,MOD_SC004_2_04,scenario_axis,1.0
P_F1_21947,SC005,SC005_2,time_pressure,,MOD_SC005_2_05,scenario_axis,1.0
P_F1_25431,SC001,SC001_2,self_preservation,,MOD_SC001_2_01,scenario_axis,1.0
P_F1_25431,SC002,SC002_2,resource_scarcity,,MOD_SC002_2_02,scenario_axis,1.0
P_F1_25431,SC003,SC003_2,social_visibility,,MOD_SC003_2_03,scenario_axis,1.0
P_F1_25431,SC004,SC004_2,in_out_group,,MOD_SC004_2_04,scenario_axis,1.0
P_F1_25431,SC005,SC005_2,time_pressure,,MOD_SC005_2_05,scenario_axis,1.0
P_F1_44647,SC001,SC001_2,self_preservation,,MOD_SC001_2_01,scenario_axis,1.0
P_F1_44647,SC002,SC002_2,resource_scarcity,,MOD_SC002_2_02,scenario_axis,1.0
P_F1_44647,SC003,SC003_2,social_visibility,,MOD_SC003_2_03,scenario_axis,1.0
P_F1_44647,SC004,SC004_2,in_out_group,,MOD_SC004_2_04,scenario_axis,1.0
P_F1_44647,SC005,SC005_2,time_pressure,,MOD_SC005_2_05,scenario_axis,1.0
P_F1_94620,SC001,SC001_2,self_preservation,,MOD_SC001_2_01,scenario_axis,1.0
P_F1_94620,SC002,SC002_2,resource_scarcity,,MOD_SC002_2_02,scenario_axis,1.0
P_F1_94620,SC003,SC003_2,social_visibility,,MOD_SC003_2_03,scenario_axis,1.0
P_F1_94620,SC004,SC004_2,in_out_group,,MOD_SC004_2_04,scenario_axis,1.0
P_F1_94620,SC005,SC005_2,time_pressure,,MOD_SC005_2_05,scenario_axis,1.0
P_F1_13475,SC001,SC001_2,self_preservation,,MOD_SC001_2_01,scenario_axis,1.0
P_F1_13475,SC002,SC002_2,resource_scarcity,,MOD_SC002_2_02,scenario_axis,1.0
P_F1_13475,SC003,SC003_2,social_visibility,,MOD_SC003_2_03,scenario_axis,1.0
P_F1_13475,SC004,SC004_2,in_out_group,,MOD_SC004_2_04,scenario_axis,1.0
P_F1_13475,SC005,SC005_2,time_pressure,,MOD_SC005_2_05,scenario_axis,1.0
P_F1_17073,SC001,SC001_2,self_preservation,,MOD_SC001_2_01,scenario_axis,1.0
P_F1_17073,SC002,SC002_2,resource_scarcity,,MOD_SC002_2_02,scenario_axis,1.0
P_F1_17073,SC003,SC003_2,social_visibility,,MOD_SC003_2_03,scenario_axis,1.0
P_F1_17073,SC004,SC004_2,in_out_group,,MOD_SC004_2_04,scenario_axis,1.0
P_F1_17073,SC005,SC005_2,time_pressure,,MOD_SC005_2_05,scenario_axis,1.0
P_F1_35615,SC001,SC001_2,self_preservation,,MOD_SC001_2_01,scenario_axis,1.0
P_F1_35615,SC002,SC002_2,resource_scarcity,,MOD_SC002_2_02,scenario_axis,1.0
P_F1_35615,SC003,SC003_2,social_visibility,,MOD_SC003_2_03,scenario_axis,1.0
P_F1_35615,SC004,SC004_2,in_out_group,,MOD_SC004_2_04,scenario_axis,1.0
P_F1_35615,SC005,SC005_2,time_pressure,,MOD_SC005_2_05,scenario_axis,1.0
P_F1_58485,SC001,SC001_2,self_preservation,,MOD_SC001_2_01,scenario_axis,1.0
P_F1_58485,SC002,SC002_2,resource_scarcity,,MOD_SC002_2_02,scenario_axis,1.0
P_F1_58485,SC003,SC003_2,social_visibility,,MOD_SC003_2_03,scenario_axis,1.0
P_F1_58485,SC004,SC004_2,in_out_group,,MOD_SC004_2_04,scenario_axis,1.0
P_F1_58485,SC005,SC005_2,time_pressure,,MOD_SC005_2_05,scenario_axis,1.0
P_F1_92989,SC001,SC001_2,self_preservation,,MOD_SC001_2_01,scenario_axis,1.0
P_F1_92989,SC002,SC002_2,resource_scarcity,,MOD_SC002_2_02,scenario_axis,1.0
P_F1_92989,SC003,SC003_2,social_visibility,,MOD_SC003_2_03,scenario_axis,1.0
P_F1_92989,SC004,SC004_2,in_out_group,,MOD_SC004_2_04,scenario_axis,1.0
P_F1_92989,SC005,SC005_2,time_pressure,,MOD_SC005_2_05,scenario_axis,1.0
P_F1_54736,SC001,SC001_2,self_preservation,,MOD_SC001_2_01,scenario_axis,1.0
P_F1_54736,SC002,SC002_2,resource_scarcity,,MOD_SC002_2_02,scenario_axis,1.0
P_F1_54736,SC003,SC003_2,social_visibility,,MOD_SC003_2_03,scenario_axis,1.0
P_F1_54736,SC004,SC004_2,in_out_group,,MOD_SC004_2_04,scenario_axis,1.0
P_F1_54736,SC005,SC005_2,time_pressure,,MOD_SC005_2_05,scenario_axis,1.0
P_F1_96428,SC001,SC001_2,self_preservation,,MOD_SC001_2_01,scenario_axis,1.0
P_F1_96428,SC002,SC002_2,resource_scarcity,,MOD_SC002_2_02,scenario_axis,1.0
P_F1_96428,SC003,SC003_2,social_visibility,,MOD_SC003_2_03,scenario_axis,1.0
P_F1_96428,SC004,SC004_2,in_out_group,,MOD_SC004_2_04,scenario_axis,1.0
P_F1_96428,SC005,SC005_2,time_pressure,,MOD_SC005_2_05,scenario_axis,1.0
P_F1_50448,SC001,SC001_2,self_preservation,,MOD_SC001_2_01,scenario_axis,1.0
P_F1_50448,SC002,SC002_2,resource_scarcity,,MOD_SC002_2_02,scenario_axis,1.0
P_F1_50448,SC003,SC003_2,social_visibility,,MOD_SC003_2_03,scenario_axis,1.0
P_F1_50448,SC004,SC004_2,in_out_group,,MOD_SC004_2_04,scenario_axis,1.0
P_F1_50448,SC005,SC005_2,time_pressure,,MOD_SC005_2_05,scenario_axis,1.0
P_F1_89578,SC001,SC001_2,self_preservation,,MOD_SC001_2_01,scenario_axis,1.0
P_F1_89578,SC002,SC002_2,resource_scarcity,,MOD_SC002_2_02,scenario_axis,1.0
P_F1_89578,SC003,SC003_2,social_visibility,,MOD_SC003_2_03,scenario_axis,1.0
P_F1_89578,SC004,SC004_2,in_out_group,,MOD_SC004_2_04,scenario_axis,1.0
P_F1_89578,SC005,SC005_2,time_pressure,,MOD_SC005_2_05,scenario_axis,1.0
P_F1_11653,SC001,SC001_2,self_preservation,,MOD_SC001_2_01,scenario_axis,1.0
P_F1_11653,SC002,SC002_2,resource_scarcity,,MOD_SC002_2_02,scenario_axis,1.0
P_F1_11653,SC003,SC003_2,social_visibility,,MOD_SC003_2_03,scenario_axis,1.0
P_F1_11653,SC004,SC004_2,in_out_group,,MOD_SC004_2_04,scenario_axis,1.0
P_F1_11653,SC005,SC005_2,time_pressure,,MOD_SC005_2_05,scenario_axis,1.0
P_F1_15314,SC001,SC001_2,self_preservation,,MOD_SC001_2_01,scenario_axis,1.0
P_F1_15314,SC002,SC002_2,resource_scarcity,,MOD_SC002_2_02,scenario_axis,1.0
P_F1_15314,SC003,SC003_2,social_visibility,,MOD_SC003_2_03,scenario_axis,1.0
P_F1_15314,SC004,SC004_2,in_out_group,,MOD_SC004_2_04,scenario_axis,1.0
P_F1_15314,SC005,SC005_2,time_pressure,,MOD_SC005_2_05,scenario_axis,1.0
P_F1_22644,SC001,SC001_2,self_preservation,,MOD_SC001_2_01,scenario_axis,1.0
P_F1_22644,SC002,SC002_2,resource_scarcity,,MOD_SC002_2_02,scenario_axis,1.0
P_F1_22644,SC003,SC003_2,social_visibility,,MOD_SC003_2_03,scenario_axis,1.0
P_F1_22644,SC004,SC004_2,in_out_group,,MOD_SC004_2_04,scenario_axis,1.0
P_F1_22644,SC005,SC005_2,time_pressure,,MOD_SC005_2_05,scenario_axis,1.0
P_F1_14689,SC001,SC001_2,self_preservation,,MOD_SC001_2_01,scenario_axis,1.0
P_F1_14689,SC002,SC002_2,resource_scarcity,,MOD_SC002_2_02,scenario_axis,1.0
P_F1_14689,SC003,SC003_2,social_visibility,,MOD_SC003_2_03,scenario_axis,1.0
P_F1_14689,SC004,SC004_2,in_out_group,,MOD_SC004_2_04,scenario_axis,1.0
P_F1_14689,SC005,SC005_2,time_pressure,,MOD_SC005_2_05,scenario_axis,1.0
P_F1_54173,SC001,SC001_2,self_preservation,,MOD_SC001_2_01,scenario_axis,1.0
P_F1_54173,SC002,SC002_2,resource_scarcity,,MOD_SC002_2_02,scenario_axis,1.0
P_F1_54173,SC003,SC003_2,social_visibility,,MOD_SC003_2_03,scenario_axis,1.0
P_F1_54173,SC004,SC004_2,in_out_group,,MOD_SC004_2_04,scenario_axis,1.0
P_F1_54173,SC005,SC005_2,time_pressure,,MOD_SC005_2_05,scenario_axis,1.0
P_F1_98667,SC001,SC001_2,self_preservation,,MOD_SC001_2_01,scenario_axis,1.0
P_F1_98667,SC002,SC002_2,resource_scarcity,,MOD_SC002_2_02,scenario_axis,1.0
P_F1_98667,SC003,SC003_2,social_visibility,,MOD_SC003_2_03,scenario_axis,1.0
P_F1_98667,SC004,SC004_2,in_out_group,,MOD_SC004_2_04,scenario_axis,1.0
P_F1_98667,SC005,SC005_2,time_pressure,,MOD_SC005_2_05,scenario_axis,1.0
P_F1_11637,SC001,SC001_2,self_preservation,,MOD_SC001_2_01,scenario_axis,1.0
P_F1_11637,SC002,SC002_2,resource_scarcity,,MOD_SC002_2_02,scenario_axis,1.0
P_F1_11637,SC003,SC003_2,social_visibility,,MOD_SC003_2_03,scenario_axis,1.0
P_F1_11637,SC004,SC004_2,in_out_group,,MOD_SC004_2_04,scenario_axis,1.0
P_F1_11637,SC005,SC005_2,time_pressure,,MOD_SC005_2_05,scenario_axis,1.0
P_F1_26750,SC001,SC001_2,self_preservation,,MOD_SC001_2_01,scenario_axis,1.0
P_F1_26750,SC002,SC002_2,resource_scarcity,,MOD_SC002_2_02,scenario_axis,1.0
P_F1_26750,SC003,SC003_2,social_visibility,,MOD_SC003_2_03,scenario_axis,1.0
P_F1_26750,SC004,SC004_2,in_out_group,,MOD_SC004_2_04,scenario_axis,1.0
P_F1_26750,SC005,SC005_2,time_pressure,,MOD_SC005_2_05,scenario_axis,1.0
P_F1_92421,SC001,SC001_2,self_preservation,,MOD_SC001_2_01,scenario_axis,1.0
P_F1_92421,SC002,SC002_2,resource_scarcity,,MOD_SC002_2_02,scenario_axis,1.0
P_F1_92421,SC003,SC003_2,social_visibility,,MOD_SC003_2_03,scenario_axis,1.0
P_F1_92421,SC004,SC004_2,in_out_group,,MOD_SC004_2_04,scenario_axis,1.0
P_F1_92421,SC005,SC005_2,time_pressure,,MOD_SC005_2_05,scenario_axis,1.0
P_F1_27981,SC001,SC001_2,self_preservation,,MOD_SC001_2_01,scenario_axis,1.0
P_F1_27981,SC002,SC002_2,resource_scarcity,,MOD_SC002_2_02,scenario_axis,1.0
P_F1_27981,SC003,SC003_2,social_visibility,,MOD_SC003_2_03,scenario_axis,1.0
P_F1_27981,SC004,SC004_2,in_out_group,,MOD_SC004_2_04,scenario_axis,1.0
P_F1_27981,SC005,SC005_2,time_pressure,,MOD_SC005_2_05,scenario_axis,1.0
P_F1_50678,SC001,SC001_2,self_preservation,,MOD_SC001_2_01,scenario_axis,1.0
P_F1_50678,SC002,SC002_2,resource_scarcity,,MOD_SC002_2_02,scenario_axis,1.0
P_F1_50678,SC003,SC003_2,social_visibility,,MOD_SC003_2_03,scenario_axis,1.0
P_F1_50678,SC004,SC004_2,in_out_group,,MOD_SC004_2_04,scenario_axis,1.0
P_F1_50678,SC005,SC005_2,time_pressure,,MOD_SC005_2_05,scenario_axis,1.0
P_F1_48933,SC001,SC001_2,self_preservation,,MOD_SC001_2_01,scenario_axis,1.0
P_F1_48933,SC002,SC002_2,resource_scarcity,,MOD_SC002_2_02,scenario_axis,1.0
P_F1_48933,SC003,SC003_2,social_visibility,,MOD_SC003_2_03,scenario_axis,1.0
P_F1_48933,SC004,SC004_2,in_out_group,,MOD_SC004_2_04,scenario_axis,1.0
P_F1_48933,SC005,SC005_2,time_pressure,,MOD_SC005_2_05,scenario_axis,1.0
P_F1_58101,SC001,SC001_2,self_preservation,,MOD_SC001_2_01,scenario_axis,1.0
P_F1_58101,SC002,SC002_2,resource_scarcity,,MOD_SC002_2_02,scenario_axis,1.0
P_F1_58101,SC003,SC003_2,social_visibility,,MOD_SC003_2_03,scenario_axis,1.0
P_F1_58101,SC004,SC004_2,in_out_group,,MOD_SC004_2_04,scenario_axis,1.0
P_F1_58101,SC005,SC005_2,time_pressure,,MOD_SC005_2_05,scenario_axis,1.0
P_F1_42602,SC001,SC001_2,self_preservation,,MOD_SC001_2_01,scenario_axis,1.0
P_F1_42602,SC002,SC002_2,resource_scarcity,,MOD_SC002_2_02,scenario_axis,1.0
P_F1_42602,SC003,SC003_2,social_visibility,,MOD_SC003_2_03,scenario_axis,1.0
P_F1_42602,SC004,SC004_2,in_out_group,,MOD_SC004_2_04,scenario_axis,1.0
P_F1_42602,SC005,SC005_2,time_pressure,,MOD_SC005_2_05,scenario_axis,1.0
P_F1_73506,SC001,SC001_2,self_preservation,,MOD_SC001_2_01,scenario_axis,1.0
P_F1_73506,SC002,SC002_2,resource_scarcity,,MOD_SC002_2_02,scenario_axis,1.0
P_F1_73506,SC003,SC003_2,social_visibility,,MOD_SC003_2_03,scenario_axis,1.0
P_F1_73506,SC004,SC004_2,in_out_group,,MOD_SC004_2_04,scenario_axis,1.0
P_F1_73506,SC005,SC005_2,time_pressure,,MOD_SC005_2_05,scenario_axis,1.0
P_F1_14146,SC001,SC001_2,self_preservation,,MOD_SC001_2_01,scenario_axis,1.0
P_F1_14146,SC002,SC002_2,resource_scarcity,,MOD_SC002_2_02,scenario_axis,1.0
P_F1_14146,SC003,SC003_2,social_visibility,,MOD_SC003_2_03,scenario_axis,1.0
P_F1_14146,SC004,SC004_2,in_out_group,,MOD_SC004_2_04,scenario_axis,1.0
P_F1_14146,SC005,SC005_2,time_pressure,,MOD_SC005_2_05,scenario_axis,1.0
P_F1_30542,SC001,SC001_2,self_preservation,,MOD_SC001_2_01,scenario_axis,1.0
P_F1_30542,SC002,SC002_2,resource_scarcity,,MOD_SC002_2_02,scenario_axis,1.0
P_F1_30542,SC003,SC003_2,social_visibility,,MOD_SC003_2_03,scenario_axis,1.0
P_F1_30542,SC004,SC004_2,in_out_group,,MOD_SC004_2_04,scenario_axis,1.0
P_F1_30542,SC005,SC005_2,time_pressure,,MOD_SC005_2_05,scenario_axis,1.0
P_F1_38198,SC001,SC001_2,self_preservation,,MOD_SC001_2_01,scenario_axis,1.0
P_F1_38198,SC002,SC002_2,resource_scarcity,,MOD_SC002_2_02,scenario_axis,1.0
P_F1_38198,SC003,SC003_2,social_visibility,,MOD_SC003_2_03,scenario_axis,1.0
P_F1_38198,SC004,SC004_2,in_out_group,,MOD_SC004_2_04,scenario_axis,1.0
P_F1_38198,SC005,SC005_2,time_pressure,,MOD_SC005_2_05,scenario_axis,1.0
P_F1_44724,SC001,SC001_2,self_preservation,,MOD_SC001_2_01,scenario_axis,1.0
P_F1_44724,SC002,SC002_2,resource_scarcity,,MOD_SC002_2_02,scenario_axis,1.0
P_F1_44724,SC003,SC003_2,social_visibility,,MOD_SC003_2_03,scenario_axis,1.0
P_F1_44724,SC004,SC004_2,in_out_group,,MOD_SC004_2_04,scenario_axis,1.0
P_F1_44724,SC005,SC005_2,time_pressure,,MOD_SC005_2_05,scenario_axis,1.0
P_F1_58708,SC001,SC001_2,self_preservation,,MOD_SC001_2_01,scenario_axis,1.0
P_F1_58708,SC002,SC002_2,resource_scarcity,,MOD_SC002_2_02,scenario_axis,1.0
P_F1_58708,SC003,SC003_2,social_visibility,,MOD_SC003_2_03,scenario_axis,1.0
P_F1_58708,SC004,SC004_2,in_out_group,,MOD_SC004_2_04,scenario_axis,1.0
P_F1_58708,SC005,SC005_2,time_pressure,,MOD_SC005_2_05,scenario_axis,1.0
P_F1_53822,SC001,SC001_2,self_preservation,,MOD_SC001_2_01,scenario_axis,1.0
P_F1_53822,SC002,SC002_2,resource_scarcity,,MOD_SC002_2_02,scenario_axis,1.0
P_F1_53822,SC003,SC003_2,social_visibility,,MOD_SC003_2_03,scenario_axis,1.0
P_F1_53822,SC004,SC004_2,in_out_group,,MOD_SC004_2_04,scenario_axis,1.0
P_F1_53822,SC005,SC005_2,time_pressure,,MOD_SC005_2_05,scenario_axis,1.0
P_F1_22482,SC001,SC001_2,self_preservation,,MOD_SC001_2_01,scenario_axis,1.0
P_F1_22482,SC002,SC002_2,resource_scarcity,,MOD_SC002_2_02,scenario_axis,1.0
P_F1_22482,SC003,SC003_2,social_visibility,,MOD_SC003_2_03,scenario_axis,1.0
P_F1_22482,SC004,SC004_2,in_out_group,,MOD_SC004_2_04,scenario_axis,1.0
P_F1_22482,SC005,SC005_2,time_pressure,,MOD_SC005_2_05,scenario_axis,1.0
P_F1_73050,SC001,SC001_2,self_preservation,,MOD_SC001_2_01,scenario_axis,1.0
P_F1_73050,SC002,SC002_2,resource_scarcity,,MOD_SC002_2_02,scenario_axis,1.0
P_F1_73050,SC003,SC003_2,social_visibility,,MOD_SC003_2_03,scenario_axis,1.0
P_F1_73050,SC004,SC004_2,in_out_group,,MOD_SC004_2_04,scenario_axis,1.0
P_F1_73050,SC005,SC005_2,time_pressure,,MOD_SC005_2_05,scenario_axis,1.0
P_F1_38524,SC001,SC001_2,self_preservation,,MOD_SC001_2_01,scenario_axis,1.0
P_F1_38524,SC002,SC002_2,resource_scarcity,,MOD_SC002_2_02,scenario_axis,1.0
P_F1_38524,SC003,SC003_2,social_visibility,,MOD_SC003_2_03,scenario_axis,1.0
P_F1_38524,SC004,SC004_2,in_out_group,,MOD_SC004_2_04,scenario_axis,1.0
P_F1_38524,SC005,SC005_2,time_pressure,,MOD_SC005_2_05,scenario_axis,1.0
P_F2_99827,SC001,SC001_1,time_pressure,,MOD_SC001_1_05,scenario_axis,1.0
P_F2_99827,SC002,SC002_1,diffused_responsibility,,MOD_SC002_1_06,scenario_axis,1.0
P_F2_99827,SC003,SC003_1,competence_uncertainty,,MOD_SC003_1_07,scenario_axis,1.0
P_F2_99827,SC004,SC004_1,authority_signal,,MOD_SC004_1_08,scenario_axis,1.0
P_F2_99827,SC005,SC005_1,self_preservation,,MOD_SC005_1_01,scenario_axis,1.0
P_F2_77353,SC001,SC001_1,time_pressure,,MOD_SC001_1_05,scenario_axis,1.0
P_F2_77353,SC002,SC002_1,diffused_responsibility,,MOD_SC002_1_06,scenario_axis,1.0
P_F2_77353,SC003,SC003_1,competence_uncertainty,,MOD_SC003_1_07,scenario_axis,1.0
P_F2_77353,SC004,SC004_1,authority_signal,,MOD_SC004_1_08,scenario_axis,1.0
P_F2_77353,SC005,SC005_1,self_preservation,,MOD_SC005_1_01,scenario_axis,1.0
P_F2_34529,SC001,SC001_1,time_pressure,,MOD_SC001_1_05,scenario_axis,1.0
P_F2_34529,SC002,SC002_1,diffused_responsibility,,MOD_SC002_1_06,scenario_axis,1.0
P_F2_34529,SC003,SC003_1,competence_uncertainty,,MOD_SC003_1_07,scenario_axis,1.0
P_F2_34529,SC004,SC004_1,authority_signal,,MOD_SC004_1_08,scenario_axis,1.0
P_F2_34529,SC005,SC005_1,self_preservation,,MOD_SC005_1_01,scenario_axis,1.0
P_F2_18754,SC001,SC001_1,time_pressure,,MOD_SC001_1_05,scenario_axis,1.0
P_F2_18754,SC002,SC002_1,diffused_responsibility,,MOD_SC002_1_06,scenario_axis,1.0
P_F2_18754,SC003,SC003_1,competence_uncertainty,,MOD_SC003_1_07,scenario_axis,1.0
P_F2_18754,SC004,SC004_1,authority_signal,,MOD_SC004_1_08,scenario_axis,1.0
P_F2_18754,SC005,SC005_1,self_preservation,,MOD_SC005_1_01,scenario_axis,1.0
P_F2_45878,SC001,SC001_1,time_pressure,,MOD_SC001_1_05,scenario_axis,1.0
P_F2_45878,SC002,SC002_1,diffused_responsibility,,MOD_SC002_1_06,scenario_axis,1.0
P_F2_45878,SC003,SC003_1,competence_uncertainty,,MOD_SC003_1_07,scenario_axis,1.0
P_F2_45878,SC004,SC004_1,authority_signal,,MOD_SC004_1_08,scenario_axis,1.0
P_F2_45878,SC005,SC005_1,self_preservation,,MOD_SC005_1_01,scenario_axis,1.0
P_F2_42930,SC001,SC001_1,time_pressure,,MOD_SC001_1_05,scenario_axis,1.0
P_F2_42930,SC002,SC002_1,diffused_responsibility,,MOD_SC002_1_06,scenario_axis,1.0
P_F2_42930,SC003,SC003_1,competence_uncertainty,,MOD_SC003_1_07,scenario_axis,1.0
P_F2_42930,SC004,SC004_1,authority_signal,,MOD_SC004_1_08,scenario_axis,1.0
P_F2_42930,SC005,SC005_1,self_preservation,,MOD_SC005_1_01,scenario_axis,1.0
P_F2_36231,SC001,SC001_1,time_pressure,,MOD_SC001_1_05,scenario_axis,1.0
P_F2_36231,SC002,SC002_1,diffused_responsibility,,MOD_SC002_1_06,scenario_axis,1.0
P_F2_36231,SC003,SC003_1,competence_uncertainty,,MOD_SC003_1_07,scenario_axis,1.0
P_F2_36231,SC004,SC004_1,authority_signal,,MOD_SC004_1_08,scenario_axis,1.0
P_F2_36231,SC005,SC005_1,self_preservation,,MOD_SC005_1_01,scenario_axis,1.0
P_F2_69719,SC001,SC001_1,time_pressure,,MOD_SC001_1_05,scenario_axis,1.0
P_F2_69719,SC002,SC002_1,diffused_responsibility,,MOD_SC002_1_06,scenario_axis,1.0
P_F2_69719,SC003,SC003_1,competence_uncertainty,,MOD_SC003_1_07,scenario_axis,1.0
P_F2_69719,SC004,SC004_1,authority_signal,,MOD_SC004_1_08,scenario_axis,1.0
P_F2_69719,SC005,SC005_1,self_preservation,,MOD_SC005_1_01,scenario_axis,1.0
P_F2_44103,SC001,SC001_1,time_pressure,,MOD_SC001_1_05,scenario_axis,1.0
P_F2_44103,SC002,SC002_1,diffused_responsibility,,MOD_SC002_1_06,scenario_axis,1.0
P_F2_44103,SC003,SC003_1,competence_uncertainty,,MOD_SC003_1_07,scenario_axis,1.0
P_F2_44103,SC004,SC004_1,authority_signal,,MOD_SC004_1_08,scenario_axis,1.0
P_F2_44103,SC005,SC005_1,self_preservation,,MOD_SC005_1_01,scenario_axis,1.0
P_F2_11942,SC001,SC001_1,time_pressure,,MOD_SC001_1_05,scenario_axis,1.0
P_F2_11942,SC002,SC002_1,diffused_responsibility,,MOD_SC002_1_06,scenario_axis,1.0
P_F2_11942,SC003,SC003_1,competence_uncertainty,,MOD_SC003_1_07,scenario_axis,1.0
P_F2_11942,SC004,SC004_1,authority_signal,,MOD_SC004_1_08,scenario_axis,1.0
P_F2_11942,SC005,SC005_1,self_preservation,,MOD_SC005_1_01,scenario_axis,1.0
P_F2_92706,SC001,SC001_1,time_pressure,,MOD_SC001_1_05,scenario_axis,1.0
P_F2_92706,SC002,SC002_1,diffused_responsibility,,MOD_SC002_1_06,scenario_axis,1.0
P_F2_92706,SC003,SC003_1,competence_uncertainty,,MOD_SC003_1_07,scenario_axis,1.0
P_F2_92706,SC004,SC004_1,authority_signal,,MOD_SC004_1_08,scenario_axis,1.0
P_F2_92706,SC005,SC005_1,self_preservation,,MOD_SC005_1_01,scenario_axis,1.0
P_F2_89514,SC001,SC001_1,time_pressure,,MOD_SC001_1_05,scenario_axis,1.0
P_F2_89514,SC002,SC002_1,diffused_responsibility,,MOD_SC002_1_06,scenario_axis,1.0
P_F2_89514,SC003,SC003_1,competence_uncertainty,,MOD_SC003_1_07,scenario_axis,1.0
P_F2_89514,SC004,SC004_1,authority_signal,,MOD_SC004_1_08,scenario_axis,1.0
P_F2_89514,SC005,SC005_1,self_preservation,,MOD_SC005_1_01,scenario_axis,1.0
P_F2_40527,SC001,SC001_1,time_pressure,,MOD_SC001_1_05,scenario_axis,1.0
P_F2_40527,SC002,SC002_1,diffused_responsibility,,MOD_SC002_1_06,scenario_axis,1.0
P_F2_40527,SC003,SC003_1,competence_uncertainty,,MOD_SC003_1_07,scenario_axis,1.0
P_F2_40527,SC004,SC004_1,authority_signal,,MOD_SC004_1_08,scenario_axis,1.0
P_F2_40527,SC005,SC005_1,self_preservation,,MOD_SC005_1_01,scenario_axis,1.0
P_F2_19613,SC001,SC001_1,time_pressure,,MOD_SC001_1_05,scenario_axis,1.0
P_F2_19613,SC002,SC002_1,diffused_responsibility,,MOD_SC002_1_06,scenario_axis,1.0
P_F2_19613,SC003,SC003_1,competence_uncertainty,,MOD_SC003_1_07,scenario_axis,1.0
P_F2_19613,SC004,SC004_1,authority_signal,,MOD_SC004_1_08,scenario_axis,1.0
P_F2_19613,SC005,SC005_1,self_preservation,,MOD_SC005_1_01,scenario_axis,1.0
P_F2_61972,SC001,SC001_1,time_pressure,,MOD_SC001_1_05,scenario_axis,1.0
P_F2_61972,SC002,SC002_1,diffused_responsibility,,MOD_SC002_1_06,scenario_axis,1.0
P_F2_61972,SC003,SC003_1,competence_uncertainty,,MOD_SC003_1_07,scenario_axis,1.0
P_F2_61972,SC004,SC004_1,authority_signal,,MOD_SC004_1_08,scenario_axis,1.0
P_F2_61972,SC005,SC005_1,self_preservation,,MOD_SC005_1_01,scenario_axis,1.0
P_F2_70041,SC001,SC001_1,time_pressure,,MOD_SC001_1_05,scenario_axis,1.0
P_F2_70041,SC002,SC002_1,diffused_responsibility,,MOD_SC002_1_06,scenario_axis,1.0
P_F2_70041,SC003,SC003_1,competence_uncertainty,,MOD_SC003_1_07,scenario_axis,1.0
P_F2_70041,SC004,SC004_1,authority_signal,,MOD_SC004_1_08,scenario_axis,1.0
P_F2_70041,SC005,SC005_1,self_preservation,,MOD_SC005_1_01,scenario_axis,1.0
P_F2_54093,SC001,SC001_1,time_pressure,,MOD_SC001_1_05,scenario_axis,1.0
P_F2_54093,SC002,SC002_1,diffused_responsibility,,MOD_SC002_1_06,scenario_axis,1.0
P_F2_54093,SC003,SC003_1,competence_uncertainty,,MOD_SC003_1_07,scenario_axis,1.0
P_F2_54093,SC004,SC004_1,authority_signal,,MOD_SC004_1_08,scenario_axis,1.0
P_F2_54093,SC005,SC005_1,self_preservation,,MOD_SC005_1_01,scenario_axis,1.0
P_F2_17573,SC001,SC001_1,time_pressure,,MOD_SC001_1_05,scenario_axis,1.0
P_F2_17573,SC002,SC002_1,diffused_responsibility,,MOD_SC002_1_06,scenario_axis,1.0
P_F2_17573,SC003,SC003_1,competence_uncertainty,,MOD_SC003_1_07,scenario_axis,1.0
P_F2_17573,SC004,SC004_1,authority_signal,,MOD_SC004_1_08,scenario_axis,1.0
P_F2_17573,SC005,SC005_1,self_preservation,,MOD_SC005_1_01,scenario_axis,1.0
P_F2_16888,SC001,SC001_1,time_pressure,,MOD_SC001_1_05,scenario_axis,1.0
P_F2_16888,SC002,SC002_1,diffused_responsibility,,MOD_SC002_1_06,scenario_axis,1.0
P_F2_16888,SC003,SC003_1,competence_uncertainty,,MOD_SC003_1_07,scenario_axis,1.0
P_F2_16888,SC004,SC004_1,authority_signal,,MOD_SC004_1_08,scenario_axis,1.0
P_F2_16888,SC005,SC005_1,self_preservation,,MOD_SC005_1_01,scenario_axis,1.0
P_F2_62759,SC001,SC001_1,time_pressure,,MOD_SC001_1_05,scenario_axis,1.0
P_F2_62759,SC002,SC002_1,diffused_responsibility,,MOD_SC002_1_06,scenario_axis,1.0
P_F2_62759,SC003,SC003_1,competence_uncertainty,,MOD_SC003_1_07,scenario_axis,1.0
P_F2_62759,SC004,SC004_1,authority_signal,,MOD_SC004_1_08,scenario_axis,1.0
P_F2_62759,SC005,SC005_1,self_preservation,,MOD_SC005_1_01,scenario_axis,1.0
P_F2_35956,SC001,SC001_1,time_pressure,,MOD_SC001_1_05,scenario_axis,1.0
P_F2_35956,SC002,SC002_1,diffused_responsibility,,MOD_SC002_1_06,scenario_axis,1.0
P_F2_35956,SC003,SC003_1,competence_uncertainty,,MOD_SC003_1_07,scenario_axis,1.0
P_F2_35956,SC004,SC004_1,authority_signal,,MOD_SC004_1_08,scenario_axis,1.0
P_F2_35956,SC005,SC005_1,self_preservation,,MOD_SC005_1_01,scenario_axis,1.0
P_F2_85147,SC001,SC001_1,time_pressure,,MOD_SC001_1_05,scenario_axis,1.0
P_F2_85147,SC002,SC002_1,diffused_responsibility,,MOD_SC002_1_06,scenario_axis,1.0
P_F2_85147,SC003,SC003_1,competence_uncertainty,,MOD_SC003_1_07,scenario_axis,1.0
P_F2_85147,SC004,SC004_1,authority_signal,,MOD_SC004_1_08,scenario_axis,1.0
P_F2_85147,SC005,SC005_1,self_preservation,,MOD_SC005_1_01,scenario_axis,1.0
P_F2_39338,SC001,SC001_1,time_pressure,,MOD_SC001_1_05,scenario_axis,1.0
P_F2_39338,SC002,SC002_1,diffused_responsibility,,MOD_SC002_1_06,scenario_axis,1.0
P_F2_39338,SC003,SC003_1,competence_uncertainty,,MOD_SC003_1_07,scenario_axis,1.0
P_F2_39338,SC004,SC004_1,authority_signal,,MOD_SC004_1_08,scenario_axis,1.0
P_F2_39338,SC005,SC005_1,self_preservation,,MOD_SC005_1_01,scenario_axis,1.0
P_F2_11289,SC001,SC001_1,time_pressure,,MOD_SC001_1_05,scenario_axis,1.0
P_F2_11289,SC002,SC002_1,diffused_responsibility,,MOD_SC002_1_06,scenario_axis,1.0
P_F2_11289,SC003,SC003_1,competence_uncertainty,,MOD_SC003_1_07,scenario_axis,1.0
P_F2_11289,SC004,SC004_1,authority_signal,,MOD_SC004_1_08,scenario_axis,1.0
P_F2_11289,SC005,SC005_1,self_preservation,,MOD_SC005_1_01,scenario_axis,1.0
P_F2_17614,SC001,SC001_1,time_pressure,,MOD_SC001_1_05,scenario_axis,1.0
P_F2_17614,SC002,SC002_1,diffused_responsibility,,MOD_SC002_1_06,scenario_axis,1.0
P_F2_17614,SC003,SC003_1,competence_uncertainty,,MOD_SC003_1_07,scenario_axis,1.0
P_F2_17614,SC004,SC004_1,authority_signal,,MOD_SC004_1_08,scenario_axis,1.0
P_F2_17614,SC005,SC005_1,self_preservation,,MOD_SC005_1_01,scenario_axis,1.0
P_F2_64601,SC001,SC001_1,time_pressure,,MOD_SC001_1_05,scenario_axis,1.0
P_F2_64601,SC002,SC002_1,diffused_responsibility,,MOD_SC002_1_06,scenario_axis,1.0
P_F2_64601,SC003,SC003_1,competence_uncertainty,,MOD_SC003_1_07,scenario_axis,1.0
P_F2_64601,SC004,SC004_1,authority_signal,,MOD_SC004_1_08,scenario_axis,1.0
P_F2_64601,SC005,SC005_1,self_preservation,,MOD_SC005_1_01,scenario_axis,1.0
P_F2_35760,SC001,SC001_1,time_pressure,,MOD_SC001_1_05,scenario_axis,1.0
P_F2_35760,SC002,SC002_1,diffused_responsibility,,MOD_SC002_1_06,scenario_axis,1.0
P_F2_35760,SC003,SC003_1,competence_uncertainty,,MOD_SC003_1_07,scenario_axis,1.0
P_F2_35760,SC004,SC004_1,authority_signal,,MOD_SC004_1_08,scenario_axis,1.0
P_F2_35760,SC005,SC005_1,self_preservation,,MOD_SC005_1_01,scenario_axis,1.0
P_F2_94067,SC001,SC001_1,time_pressure,,MOD_SC001_1_05,scenario_axis,1.0
P_F2_94067,SC002,SC002_1,diffused_responsibility,,MOD_SC002_1_06,scenario_axis,1.0
P_F2_94067,SC003,SC003_1,competence_uncertainty,,MOD_SC003_1_07,scenario_axis,1.0
P_F2_94067,SC004,SC004_1,authority_signal,,MOD_SC004_1_08,scenario_axis,1.0
P_F2_94067,SC005,SC005_1,self_preservation,,MOD_SC005_1_01,scenario_axis,1.0
P_F2_39862,SC001,SC001_1,time_pressure,,MOD_SC001_1_05,scenario_axis,1.0
P_F2_39862,SC002,SC002_1,diffused_responsibility,,MOD_SC002_1_06,scenario_axis,1.0
P_F2_39862,SC003,SC003_1,competence_uncertainty,,MOD_SC003_1_07,scenario_axis,1.0
P_F2_39862,SC004,SC004_1,authority_signal,,MOD_SC004_1_08,scenario_axis,1.0
P_F2_39862,SC005,SC005_1,self_preservation,,MOD_SC005_1_01,scenario_axis,1.0
P_F2_98565,SC001,SC001_1,time_pressure,,MOD_SC001_1_05,scenario_axis,1.0
P_F2_98565,SC002,SC002_1,diffused_responsibility,,MOD_SC002_1_06,scenario_axis,1.0
P_F2_98565,SC003,SC003_1,competence_uncertainty,,MOD_SC003_1_07,scenario_axis,1.0
P_F2_98565,SC004,SC004_1,authority_signal,,MOD_SC004_1_08,scenario_axis,1.0
P_F2_98565,SC005,SC005_1,self_preservation,,MOD_SC005_1_01,scenario_axis,1.0
P_F2_82490,SC001,SC001_1,time_pressure,,MOD_SC001_1_05,scenario_axis,1.0
P_F2_82490,SC002,SC002_1,diffused_responsibility,,MOD_SC002_1_06,scenario_axis,1.0
P_F2_82490,SC003,SC003_1,competence_uncertainty,,MOD_SC003_1_07,scenario_axis,1.0
P_F2_82490,SC004,SC004_1,authority_signal,,MOD_SC004_1_08,scenario_axis,1.0
P_F2_82490,SC005,SC005_1,self_preservation,,MOD_SC005_1_01,scenario_axis,1.0
P_F2_98886,SC001,SC001_1,time_pressure,,MOD_SC001_1_05,scenario_axis,1.0
P_F2_98886,SC002,SC002_1,diffused_responsibility,,MOD_SC002_1_06,scenario_axis,1.0
P_F2_98886,SC003,SC003_1,competence_uncertainty,,MOD_SC003_1_07,scenario_axis,1.0
P_F2_98886,SC004,SC004_1,authority_signal,,MOD_SC004_1_08,scenario_axis,1.0
P_F2_98886,SC005,SC005_1,self_preservation,,MOD_SC005_1_01,scenario_axis,1.0
P_F2_13024,SC001,SC001_1,time_pressure,,MOD_SC001_1_05,scenario_axis,1.0
P_F2_13024,SC002,SC002_1,diffused_responsibility,,MOD_SC002_1_06,scenario_axis,1.0
P_F2_13024,SC003,SC003_1,competence_uncertainty,,MOD_SC003_1_07,scenario_axis,1.0
P_F2_13024,SC004,SC004_1,authority_signal,,MOD_SC004_1_08,scenario_axis,1.0
P_F2_13024,SC005,SC005_1,self_preservation,,MOD_SC005_1_01,scenario_axis,1.0
P_F2_70814,SC001,SC001_1,time_pressure,,MOD_SC001_1_05,scenario_axis,1.0
P_F2_70814,SC002,SC002_1,diffused_responsibility,,MOD_SC002_1_06,scenario_axis,1.0
P_F2_70814,SC003,SC003_1,competence_uncertainty,,MOD_SC003_1_07,scenario_axis,1.0
P_F2_70814,SC004,SC004_1,authority_signal,,MOD_SC004_1_08,scenario_axis,1.0
P_F2_70814,SC005,SC005_1,self_preservation,,MOD_SC005_1_01,scenario_axis,1.0
P_F2_46413,SC001,SC001_1,time_pressure,,MOD_SC001_1_05,scenario_axis,1.0
P_F2_46413,SC002,SC002_1,diffused_responsibility,,MOD_SC002_1_06,scenario_axis,1.0
P_F2_46413,SC003,SC003_1,competence_uncertainty,,MOD_SC003_1_07,scenario_axis,1.0
P_F2_46413,SC004,SC004_1,authority_signal,,MOD_SC004_1_08,scenario_axis,1.0
P_F2_46413,SC005,SC005_1,self_preservation,,MOD_SC005_1_01,scenario_axis,1.0
P_F2_32604,SC001,SC001_1,time_pressure,,MOD_SC001_1_05,scenario_axis,1.0
P_F2_32604,SC002,SC002_1,diffused_responsibility,,MOD_SC002_1_06,scenario_axis,1.0
P_F2_32604,SC003,SC003_1,competence_uncertainty,,MOD_SC003_1_07,scenario_axis,1.0
P_F2_32604,SC004,SC004_1,authority_signal,,MOD_SC004_1_08,scenario_axis,1.0
P_F2_32604,SC005,SC005_1,self_preservation,,MOD_SC005_1_01,scenario_axis,1.0
P_F2_84285,SC001,SC001_1,time_pressure,,MOD_SC001_1_05,scenario_axis,1.0
P_F2_84285,SC002,SC002_1,diffused_responsibility,,MOD_SC002_1_06,scenario_axis,1.0
P_F2_84285,SC003,SC003_1,competence_uncertainty,,MOD_SC003_1_07,scenario_axis,1.0
P_F2_84285,SC004,SC004_1,authority_signal,,MOD_SC004_1_08,scenario_axis,1.0
P_F2_84285,SC005,SC005_1,self_preservation,,MOD_SC005_1_01,scenario_axis,1.0
P_F2_63656,SC001,SC001_1,time_pressure,,MOD_SC001_1_05,scenario_axis,1.0
P_F2_63656,SC002,SC002_1,diffused_responsibility,,MOD_SC002_1_06,scenario_axis,1.0
P_F2_63656,SC003,SC003_1,competence_uncertainty,,MOD_SC003_1_07,scenario_axis,1.0
P_F2_63656,SC004,SC004_1,authority_signal,,MOD_SC004_1_08,scenario_axis,1.0
P_F2_63656,SC005,SC005_1,self_preservation,,MOD_SC005_1_01,scenario_axis,1.0
P_F2_83207,SC001,SC001_1,time_pressure,,MOD_SC001_1_05,scenario_axis,1.0
P_F2_83207,SC002,SC002_1,diffused_responsibility,,MOD_SC002_1_06,scenario_axis,1.0
P_F2_83207,SC003,SC003_1,competence_uncertainty,,MOD_SC003_1_07,scenario_axis,1.0
P_F2_83207,SC004,SC004_1,authority_signal,,MOD_SC004_1_08,scenario_axis,1.0
P_F2_83207,SC005,SC005_1,self_preservation,,MOD_SC005_1_01,scenario_axis,1.0
P_F2_37180,SC001,SC001_1,time_pressure,,MOD_SC001_1_05,scenario_axis,1.0
P_F2_37180,SC002,SC002_1,diffused_responsibility,,MOD_SC002_1_06,scenario_axis,1.0
P_F2_37180,SC003,SC003_1,competence_uncertainty,,MOD_SC003_1_07,scenario_axis,1.0
P_F2_37180,SC004,SC004_1,authority_signal,,MOD_SC004_1_08,scenario_axis,1.0
P_F2_37180,SC005,SC005_1,self_preservation,,MOD_SC005_1_01,scenario_axis,1.0
P_F2_12078,SC001,SC001_1,time_pressure,,MOD_SC001_1_05,scenario_axis,1.0
P_F2_12078,SC002,SC002_1,diffused_responsibility,,MOD_SC002_1_06,scenario_axis,1.0
P_F2_12078,SC003,SC003_1,competence_uncertainty,,MOD_SC003_1_07,scenario_axis,1.0
P_F2_12078,SC004,SC004_1,authority_signal,,MOD_SC004_1_08,scenario_axis,1.0
P_F2_12078,SC005,SC005_1,self_preservation,,MOD_SC005_1_01,scenario_axis,1.0
P_F2_15746,SC001,SC001_1,time_pressure,,MOD_SC001_1_05,scenario_axis,1.0
P_F2_15746,SC002,SC002_1,diffused_responsibility,,MOD_SC002_1_06,scenario_axis,1.0
P_F2_15746,SC003,SC003_1,competence_uncertainty,,MOD_SC003_1_07,scenario_axis,1.0
P_F2_15746,SC004,SC004_1,authority_signal,,MOD_SC004_1_08,scenario_axis,1.0
P_F2_15746,SC005,SC005_1,self_preservation,,MOD_SC005_1_01,scenario_axis,1.0
P_F2_91808,SC001,SC001_1,time_pressure,,MOD_SC001_1_05,scenario_axis,1.0
P_F2_91808,SC002,SC002_1,diffused_responsibility,,MOD_SC002_1_06,scenario_axis,1.0
P_F2_91808,SC003,SC003_1,competence_uncertainty,,MOD_SC003_1_07,scenario_axis,1.0
P_F2_91808,SC004,SC004_1,authority_signal,,MOD_SC004_1_08,scenario_axis,1.0
P_F2_91808,SC005,SC005_1,self_preservation,,MOD_SC005_1_01,scenario_axis,1.0
P_F2_27136,SC001,SC001_1,time_pressure,,MOD_SC001_1_05,scenario_axis,1.0
P_F2_27136,SC002,SC002_1,diffused_responsibility,,MOD_SC002_1_06,scenario_axis,1.0
P_F2_27136,SC003,SC003_1,competence_uncertainty,,MOD_SC003_1_07,scenario_axis,1.0
P_F2_27136,SC004,SC004_1,authority_signal,,MOD_SC004_1_08,scenario_axis,1.0
P_F2_27136,SC005,SC005_1,self_preservation,,MOD_SC005_1_01,scenario_axis,1.0
P_F2_89420,SC001,SC001_1,time_pressure,,MOD_SC001_1_05,scenario_axis,1.0
P_F2_89420,SC002,SC002_1,diffused_responsibility,,MOD_SC002_1_06,scenario_axis,1.0
P_F2_89420,SC003,SC003_1,competence_uncertainty,,MOD_SC003_1_07,scenario_axis,1.0
P_F2_89420,SC004,SC004_1,authority_signal,,MOD_SC004_1_08,scenario_axis,1.0
P_F2_89420,SC005,SC005_1,self_preservation,,MOD_SC005_1_01,scenario_axis,1.0
P_F2_71634,SC001,SC001_1,time_pressure,,MOD_SC001_1_05,scenario_axis,1.0
P_F2_71634,SC002,SC002_1,diffused_responsibility,,MOD_SC002_1_06,scenario_axis,1.0
P_F2_71634,SC003,SC003_1,competence_uncertainty,,MOD_SC003_1_07,scenario_axis,1.0
P_F2_71634,SC004,SC004_1,authority_signal,,MOD_SC004_1_08,scenario_axis,1.0
P_F2_71634,SC005,SC005_1,self_preservation,,MOD_SC005_1_01,scenario_axis,1.0
P_F2_27086,SC001,SC001_1,time_pressure,,MOD_SC001_1_05,scenario_axis,1.0
P_F2_27086,SC002,SC002_1,diffused_responsibility,,MOD_SC002_1_06,scenario_axis,1.0
P_F2_27086,SC003,SC003_1,competence_uncertainty,,MOD_SC003_1_07,scenario_axis,1.0
P_F2_27086,SC004,SC004_1,authority_signal,,MOD_SC004_1_08,scenario_axis,1.0
P_F2_27086,SC005,SC005_1,self_preservation,,MOD_SC005_1_01,scenario_axis,1.0
P_F2_77219,SC001,SC001_1,time_pressure,,MOD_SC001_1_05,scenario_axis,1.0
P_F2_77219,SC002,SC002_1,diffused_responsibility,,MOD_SC002_1_06,scenario_axis,1.0
P_F2_77219,SC003,SC003_1,competence_uncertainty,,MOD_SC003_1_07,scenario_axis,1.0
P_F2_77219,SC004,SC004_1,authority_signal,,MOD_SC004_1_08,scenario_axis,1.0
P_F2_77219,SC005,SC005_1,self_preservation,,MOD_SC005_1_01,scenario_axis,1.0
P_F2_24528,SC001,SC001_1,time_pressure,,MOD_SC001_1_05,scenario_axis,1.0
P_F2_24528,SC002,SC002_1,diffused_responsibility,,MOD_SC002_1_06,scenario_axis,1.0
P_F2_24528,SC003,SC003_1,competence_uncertainty,,MOD_SC003_1_07,scenario_axis,1.0
P_F2_24528,SC004,SC004_1,authority_signal,,MOD_SC004_1_08,scenario_axis,1.0
P_F2_24528,SC005,SC005_1,self_preservation,,MOD_SC005_1_01,scenario_axis,1.0
P_F2_51230,SC001,SC001_1,time_pressure,,MOD_SC001_1_05,scenario_axis,1.0
P_F2_51230,SC002,SC002_1,diffused_responsibility,,MOD_SC002_1_06,scenario_axis,1.0
P_F2_51230,SC003,SC003_1,competence_uncertainty,,MOD_SC003_1_07,scenario_axis,1.0
P_F2_51230,SC004,SC004_1,authority_signal,,MOD_SC004_1_08,scenario_axis,1.0
P_F2_51230,SC005,SC005_1,self_preservation,,MOD_SC005_1_01,scenario_axis,1.0
