participant_id,model,kappa,n_modifiers
P_F1_19156,dotProduct,0.000,5
P_F1_19156,gemma4,0.000,5
P_F1_19156,llama_8B,0.000,5
P_F1_97641,dotProduct,0.000,5
P_F1_97641,gemma4,0.000,5
P_F1_97641,llama_8B,0.000,5
P_F1_23393,dotProduct,0.000,5
P_F1_23393,gemma4,0.000,5
P_F1_23393,llama_8B,0.000,5
P_F1_32282,dotProduct,0.000,5
P_F1_32282,gemma4,0.000,5
P_F1_32282,llama_8B,0.000,5
P_F1_79898,dotProduct,0.000,5
P_F1_79898,gemma4,0.000,5
P_F1_79898,llama_8B,0.000,5
P_F1_34031,dotProduct,0.000,5
P_F1_34031,gemma4,0.000,5
P_F1_34031,llama_8B,0.000,5
P_F1_14515,dotProduct,0.000,5
P_F1_14515,gemma4,0.000,5
P_F1_14515,llama_8B,0.000,5
P_F1_99613,dotProduct,0.000,5
P_F1_99613,gemma4,0.000,5
P_F1_99613,llama_8B,0.000,5
P_F1_57278,dotProduct,0.000,5
P_F1_57278,gemma4,0.000,5
P_F1_57278,llama_8B,0.000,5
P_F1_26498,dotProduct,0.000,5
P_F1_26498,gemma4,0.000,5
P_F1_26498,llama_8B,0.000,5
P_F1_17249,dotProduct,0.000,5
P_F1_17249,gemma4,0.000,5
P_F1_17249,llama_8B,0.000,5
P_F1_58852,dotProduct,0.000,5
P_F1_58852,gemma4,0.000,5
P_F1_58852,llama_8B,0.000,5
P_F1_27423,dotProduct,0.000,5
P_F1_27423,gemma4,0.000,5
P_F1_27423,llama_8B,0.000,5
P_F1_21947,dotProduct,0.000,5
P_F1_21947,gemma4,0.000,5
P_F1_21947,llama_8B,0.000,5
P_F1_25431,dotProduct,0.000,5
P_F1_25431,gemma4,0.000,5
P_F1_25431,llama_8B,0.000,5
P_F1_44647,dotProduct,0.000,5
P_F1_44647,gemma4,0.000,5
P_F1_44647,llama_8B,0.000,5
P_F1_94620,dotProduct,0.000,5
P_F1_94620,gemma4,0.000,5
P_F1_94620,llama_8B,0.000,5
P_F1_13475,dotProduct,0.000,5
P_F1_13475,gemma4,0.000,5
P_F1_13475,llama_8B,0.000,5
P_F1_17073,dotProduct,0.000,5
P_F1_17073,gemma4,0.000,5
P_F1_17073,llama_8B,0.000,5
P_F1_35615,dotProduct,0.000,5
P_F1_35615,gemma4,0.000,5
P_F1_35615,llama_8B,0.000,5
P_F1_58485,dotProduct,0.000,5
P_F1_58485,gemma4,0.000,5
P_F1_58485,llama_8B,0.000,5
P_F1_92989,dotProduct,0.000,5
P_F1_92989,gemma4,0.000,5
P_F1_92989,llama_8B,0.000,5
P_F1_54736,dotProduct,0.000,5
P_F1_54736,gemma4,0.000,5
P_F1_54736,llama_8B,0.000,5
P_F1_96428,dotProduct,0.000,5
P_F1_96428,gemma4,0.000,5
P_F1_96428,llama_8B,0.000,5
P_F1_50448,dotProduct,0.000,5
P_F1_50448,gemma4,0.000,5
P_F1_50448,llama_8B,0.000,5
P_F1_89578,dotProduct,0.000,5
P_F1_89578,gemma4,0.000,5
P_F1_89578,llama_8B,0.000,5
P_F1_11653,dotProduct,0.000,5
P_F1_11653,gemma4,0.000,5
P_F1_11653,llama_8B,0.000,5
P_F1_15314,dotProduct,0.000,5
P_F1_15314,gemma4,0.000,5
P_F1_15314,llama_8B,0.000,5
P_F1_22644,dotProduct,0.000,5
P_F1_22644,gemma4,0.000,5
P_F1_22644,llama_8B,0.000,5
P_F1_14689,dotProduct,0.000,5
P_F1_14689,gemma4,0.000,5
P_F1_14689,llama_8B,0.000,5
P_F1_54173,dotProduct,0.000,5
P_F1_54173,gemma4,0.000,5
P_F1_54173,llama_8B,0.000,5
P_F1_98667,dotProduct,0.000,5
P_F1_98667,gemma4,0.000,5
P_F1_98667,llama_8B,0.000,5
P_F1_11637,dotProduct,0.000,5
P_F1_11637,gemma4,0.000,5
P_F1_11637,llama_8B,0.000,5
P_F1_26750,dotProduct,0.000,5
P_F1_26750,gemma4,0.000,5
P_F1_26750,llama_8B,0.000,5
P_F1_92421,dotProduct,0.000,5
P_F1_92421,gemma4,0.000,5
P_F1_92421,llama_8B,0.000,5
P_F1_27981,dotProduct,0.000,5
P_F1_27981,gemma4,0.000,5
P_F1_27981,llama_8B,0.000,5
P_F1_50678,dotProduct,0.000,5
P_F1_50678,gemma4,0.000,5
P_F1_50678,llama_8B,0.000,5
P_F1_48933,dotProduct,0.000,5
P_F1_48933,gemma4,0.000,5
P_F1_48933,llama_8B,0.000,5
P_F1_58101,dotProduct,0.000,5
P_F1_58101,gemma4,0.000,5
P_F1_58101,llama_8B,0.000,5
P_F1_42602,dotProduct,0.000,5
P_F1_42602,gemma4,0.000,5
P_F1_42602,llama_8B,0.000,5
P_F1_73506,dotProduct,0.000,5
P_F1_73506,gemma4,0.000,5
P_F1_73506,llama_8B,0.000,5
P_F1_14146,dotProduct,0.000,5
P_F1_14146,gemma4,0.000,5
P_F1_14146,llama_8B,0.000,5
P_F1_30542,dotProduct,0.000,5
P_F1_30542,gemma4,0.000,5
P_F1_30542,llama_8B,0.000,5
P_F1_38198,dotProduct,0.000,5
P_F1_38198,gemma4,0.000,5
P_F1_38198,llama_8B,0.000,5
P_F1_44724,dotProduct,0.000,5
P_F1_44724,gemma4,0.000,5
P_F1_44724,llama_8B,0.000,5
P_F1_58708,dotProduct,0.000,5
P_F1_58708,gemma4,0.000,5
P_F1_58708,llama_8B,0.000,5
P_F1_53822,dotProduct,0.000,5
P_F1_53822,gemma4,0.000,5
P_F1_53822,llama_8B,0.000,5
P_F1_22482,dotProduct,0.000,5
P_F1_22482,gemma4,0.000,5
P_F1_22482,llama_8B,0.000,5
P_F1_73050,dotProduct,0.000,5
P_F1_73050,gemma4,0.000,5
P_F1_73050,llama_8B,0.000,5
P_F1_38524,dotProduct,0.000,5
P_F1_38524,gemma4,0.000,5
P_F1_38524,llama_8B,0.000,5
P_F2_99827,dotProduct,0.000,5
P_F2_99827,gemma4,0.000,5
P_F2_99827,llama_8B,0.000,5
P_F2_77353,dotProduct,0.000,5
P_F2_77353,gemma4,0.000,5
P_F2_77353,llama_8B,0.000,5
P_F2_34529,dotProduct,0.000,5
P_F2_34529,gemma4,0.000,5
P_F2_34529,llama_8B,0.000,5
P_F2_18754,dotProduct,0.000,5
P_F2_18754,gemma4,0.000,5
P_F2_18754,llama_8B,0.000,5
P_F2_45878,dotProduct,0.000,5
P_F2_45878,gemma4,0.000,5
P_F2_45878,llama_8B,0.000,5
P_F2_42930,dotProduct,0.000,5
P_F2_42930,gemma4,0.000,5
P_F2_42930,llama_8B,0.000,5
P_F2_36231,dotProduct,0.000,5
P_F2_36231,gemma4,0.000,5
P_F2_36231,llama_8B,0.000,5
P_F2_69719,dotProduct,0.000,5
P_F2_69719,gemma4,0.000,5
P_F2_69719,llama_8B,0.000,5
P_F2_44103,dotProduct,0.000,5
P_F2_44103,gemma4,0.000,5
P_F2_44103,llama_8B,0.000,5
P_F2_11942,dotProduct,0.000,5
P_F2_11942,gemma4,0.000,5
P_F2_11942,llama_8B,0.000,5
P_F2_92706,dotProduct,0.000,5
P_F2_92706,gemma4,0.000,5
P_F2_92706,llama_8B,0.000,5
P_F2_89514,dotProduct,0.000,5
P_F2_89514,gemma4,0.000,5
P_F2_89514,llama_8B,0.000,5
P_F2_40527,dotProduct,0.000,5
P_F2_40527,gemma4,0.000,5
P_F2_40527,llama_8B,0.000,5
P_F2_19613,dotProduct,0.000,5
P_F2_19613,gemma4,0.000,5
P_F2_19613,llama_8B,0.000,5
P_F2_61972,dotProduct,0.000,5
P_F2_61972,gemma4,0.000,5
P_F2_61972,llama_8B,0.000,5
P_F2_70041,dotProduct,0.000,5
P_F2_70041,gemma4,0.000,5
P_F2_70041,llama_8B,0.000,5
P_F2_54093,dotProduct,0.000,5
P_F2_54093,gemma4,0.000,5
P_F2_54093,llama_8B,0.000,5
P_F2_17573,dotProduct,0.000,5
P_F2_17573,gemma4,0.000,5
P_F2_17573,llama_8B,0.000,5
P_F2_16888,dotProduct,0.000,5
P_F2_16888,gemma4,0.000,5
P_F2_16888,llama_8B,0.000,5
P_F2_62759,dotProduct,0.000,5
P_F2_62759,gemma4,0.000,5
P_F2_62759,llama_8B,0.000,5
P_F2_35956,dotProduct,0.000,5
P_F2_35956,gemma4,0.000,5
P_F2_35956,llama_8B,0.000,5
P_F2_85147,dotProduct,0.000,5
P_F2_85147,gemma4,0.000,5
P_F2_85147,llama_8B,0.000,5
P_F2_39338,dotProduct,0.000,5
P_F2_39338,gemma4,0.000,5
P_F2_39338,llama_8B,0.000,5
P_F2_11289,dotProduct,0.000,5
P_F2_11289,gemma4,0.000,5
P_F2_11289,llama_8B,0.000,5
P_F2_17614,dotProduct,0.000,5
P_F2_17614,gemma4,0.000,5
P_F2_17614,llama_8B,0.000,5
P_F2_64601,dotProduct,0.000,5
P_F2_64601,gemma4,0.000,5
P_F2_64601,llama_8B,0.000,5
P_F2_35760,dotProduct,0.000,5
P_F2_35760,gemma4,0.000,5
P_F2_35760,llama_8B,0.000,5
P_F2_94067,dotProduct,0.000,5
P_F2_94067,gemma4,0.000,5
P_F2_94067,llama_8B,0.000,5
P_F2_39862,dotProduct,0.000,5
P_F2_39862,gemma4,0.000,5
P_F2_39862,llama_8B,0.000,5
P_F2_98565,dotProduct,0.000,5
P_F2_98565,gemma4,0.000,5
P_F2_98565,llama_8B,0.000,5
P_F2_82490,dotProduct,0.000,5
P_F2_82490,gemma4,0.000,5
P_F2_82490,llama_8B,0.000,5
P_F2_98886,dotProduct,0.000,5
P_F2_98886,gemma4,0.000,5
P_F2_98886,llama_8B,0.000,5
P_F2_13024,dotProduct,0.000,5
P_F2_13024,gemma4,0.000,5
P_F2_13024,llama_8B,0.000,5
P_F2_70814,dotProduct,0.000,5
P_F2_70814,gemma4,0.000,5
P_F2_70814,llama_8B,0.000,5
P_F2_46413,dotProduct,0.000,5
P_F2_46413,gemma4,0.000,5
P_F2_46413,llama_8B,0.000,5
P_F2_32604,dotProduct,0.000,5
P_F2_32604,gemma4,0.000,5
P_F2_32604,llama_8B,0.000,5
P_F2_84285,dotProduct,0.000,5
P_F2_84285,gemma4,0.000,5
P_F2_84285,llama_8B,0.000,5
P_F2_63656,dotProduct,0.000,5
P_F2_63656,gemma4,0.000,5
P_F2_63656,llama_8B,0.000,5
P_F2_83207,dotProduct,0.000,5
P_F2_83207,gemma4,0.000,5
P_F2_83207,llama_8B,0.000,5
P_F2_37180,dotProduct,0.000,5
P_F2_37180,gemma4,0.000,5
P_F2_37180,llama_8B,0.000,5
P_F2_12078,dotProduct,0.000,5
P_F2_12078,gemma4,0.000,5
P_F2_12078,llama_8B,0.000,5
P_F2_15746,dotProduct,0.000,5
P_F2_15746,gemma4,0.000,5
P_F2_15746,llama_8B,0.000,5
P_F2_91808,dotProduct,0.000,5
P_F2_91808,gemma4,0.000,5
P_F2_91808,llama_8B,0.000,5
P_F2_27136,dotProduct,0.000,5
P_F2_27136,gemma4,0.000,5
P_F2_27136,llama_8B,0.000,5
P_F2_89420,dotProduct,0.000,5
P_F2_89420,gemma4,0.000,5
P_F2_89420,llama_8B,0.000,5
P_F2_71634,dotProduct,0.000,5
P_F2_71634,gemma4,0.000,5
P_F2_71634,llama_8B,0.000,5
P_F2_27086,dotProduct,0.000,5
P_F2_27086,gemma4,0.000,5
P_F2_27086,llama_8B,0.000,5
P_F2_77219,dotProduct,0.000,5
P_F2_77219,gemma4,0.000,5
P_F2_77219,llama_8B,0.000,5
P_F2_24528,dotProduct,0.000,5
P_F2_24528,gemma4,0.000,5
P_F2_24528,llama_8B,0.000,5
P_F2_51230,dotProduct,0.000,5
P_F2_51230,gemma4,0.000,5
P_F2_51230,llama_8B,0.000,5
